{
    "scans": [
        {
            "domain": "google.com",
            "risk": 20,
            "verdict": "SAFE",
            "scores": {
                "ssl": 35,
                "headers": 10,
                "network": 15,
                "reputation": 20
            },
            "details": {
                "open_ports": [
                    80,
                    443
                ],
                "missing_headers": [
                    "Content-Security-Policy",
                    "X-Content-Type-Options",
                    "Strict-Transport-Security",
                    "Referrer-Policy"
                ],
                "http_status": 200,
                "ssl_score": 35,
                "ssl_expiry": "Apr 20 08:39:28 2026 GMT",
                "weak_protocol": false,
                "domain_age_days": 10379,
                "registrar": "MarkMonitor, Inc.",
                "blacklist_status": "unknown",
                "cdn_waf": "None"
            },
            "time": "2026-02-14 19:03:55"
        },
        {
            "domain": "cloudflare.com",
            "risk": 9,
            "verdict": "SAFE",
            "scores": {
                "ssl": 35,
                "headers": 16,
                "network": 20,
                "reputation": 20
            },
            "details": {
                "open_ports": [
                    80,
                    443,
                    8080
                ],
                "missing_headers": [
                    "Content-Security-Policy"
                ],
                "http_status": 200,
                "ssl_score": 35,
                "ssl_expiry": "Apr 12 21:43:23 2026 GMT",
                "weak_protocol": false,
                "domain_age_days": 6205,
                "registrar": "Cloudflare, Inc.",
                "blacklist_status": "unknown",
                "cdn_waf": "Cloudflare"
            },
            "time": "2026-02-14 19:04:09"
        },
        {
            "domain": "youtube.com",
            "risk": 14,
            "verdict": "SAFE",
            "scores": {
                "ssl": 35,
                "headers": 16,
                "network": 15,
                "reputation": 20
            },
            "details": {
                "open_ports": [
                    80,
                    443
                ],
                "missing_headers": [
                    "Referrer-Policy"
                ],
                "http_status": 200,
                "ssl_score": 35,
                "ssl_expiry": "Apr 20 08:39:28 2026 GMT",
                "weak_protocol": false,
                "domain_age_days": 7669,
                "registrar": "MarkMonitor, Inc.",
                "blacklist_status": "unknown",
                "cdn_waf": "None"
            },
            "time": "2026-02-14 19:04:33"
        },
        {
            "domain": "jqaoipwjhfdowip29087489.darkweb.onion",
            "risk": 90,
            "verdict": "DANGEROUS",
            "scores": {
                "ssl": 0,
                "headers": 0,
                "network": 0,
                "reputation": 10
            },
            "details": {
                "network_error": true,
                "missing_headers": [
                    "Content-Security-Policy",
                    "X-Frame-Options",
                    "X-Content-Type-Options",
                    "Strict-Transport-Security",
                    "Referrer-Policy"
                ],
                "ssl_score": 0,
                "ssl_expiry": null,
                "weak_protocol": false,
                "domain_age_days": "unknown",
                "registrar": "unknown",
                "blacklist_status": "unknown",
                "cdn_waf": "None"
            },
            "time": "2026-02-14 19:04:48"
        }
    ],
    "last": {
        "domain": "jqaoipwjhfdowip29087489.darkweb.onion",
        "risk": 90,
        "verdict": "DANGEROUS",
        "scores": {
            "ssl": 0,
            "headers": 0,
            "network": 0,
            "reputation": 10
        },
        "details": {
            "network_error": true,
            "missing_headers": [
                "Content-Security-Policy",
                "X-Frame-Options",
                "X-Content-Type-Options",
                "Strict-Transport-Security",
                "Referrer-Policy"
            ],
            "ssl_score": 0,
            "ssl_expiry": null,
            "weak_protocol": false,
            "domain_age_days": "unknown",
            "registrar": "unknown",
            "blacklist_status": "unknown",
            "cdn_waf": "None"
        },
        "time": "2026-02-14 19:04:48"
    }
}